feature,importance
crop_type,1.0195005433796918
altitude_m,0.8038977562451602
season_temp_mean,0.3579174976336789
pest_disease_flag,0.14360944517582475
soil_quality_index,0.09759420541606471
improved_seed_used,0.07625150906016809
fertilizer_kg_per_ha,0.06426539655547432
rainfall_mm_season,0.014001306586581608
season_temp_min,0.007251758769013361
heat_days_per_month,0.005808175519597736
season_temp_max,0.004406731035787792
labor_days_per_ha,0.004060612616930315
heat_temp_interaction,0.0031483162692495627
season_heat_days,0.0018558905763194078
region,0.00040289044551047317
season_rain_mean,0.0003268327574265983
season_rain_total,0.00031578283489981375
fertilizer_per_ha,0.00023477518444858791
weather_months_available,0.00016276030971995592
rainfall_ratio,6.989927666183338e-05
planting_month,6.864863966744572e-05
planting_month_sin,1.6234525770242313e-05
planting_month_cos,1.0385753646557916e-05
rain_temp_interaction,-8.005192260429616e-06
rainfall_difference,-6.4674019529809e-05
survey_year,-9.49355635612381e-05
market_distance_per_ha,-0.00018687935557473167
distance_to_market_km,-0.00037444209780543856
labor_per_ha,-0.0006554061585559712
farm_size_ha,-0.0007745364846179825
planting_month_num,-0.0010458738145272318
